time,x,y,z,u,v,w,qx,qy,qz,qw,p,q,r,alpha,airspeed,elevator,throttle
0,0.1501, 0.0000, -0.0000, 15.0115, 0.0000, 0.5397, 0.0000, 0.0180, 0.0000, 0.9998, 0.0000, 0.0159, 0.0000,0.035937814361357345,15.021208846532485,-0.07435435597999651,0.42775776982307434
0.01,0.3004, 0.0000, -0.0000, 15.0308, 0.0000, 0.5421, 0.0000, 0.0181, 0.0000, 0.9998, 0.0000, 0.0202, 0.0000,0.03604946079561396,15.040590303190609,-0.08070673709018786,0.41446688771247864
0.02,0.4509, 0.0000, -0.0000, 15.0491, 0.0000, 0.5440, 0.0000, 0.0182, 0.0000, 0.9998, 0.0000, 0.0147, 0.0000,0.03612960779764597,15.058976476462318,-0.08706548159225543,0.407344251871109
0.03,0.6016, 0.0000, -0.0001, 15.0675, 0.0000, 0.5440, 0.0000, 0.0182, 0.0000, 0.9998, 0.0000, 0.0008, 0.0000,0.03608869528107876,15.077277205344073,-0.0934525657187279,0.40721502900123596
0.04,0.7525, 0.0000, -0.0001, 15.0868, 0.0000, 0.5412, 0.0000, 0.0182, 0.0000, 0.9998, 0.0000, -0.0201, 0.0000,0.03585994981525603,15.096468326620295,-0.09989050631626208,0.4146147668361664
0.05,0.9035, 0.0000, -0.0002, 15.1081, 0.0000, 0.5350, 0.0000, 0.0180, 0.0000, 0.9998, 0.0000, -0.0467, 0.0000,0.03539599599033516,15.11758387752918,-0.106401104379731,0.4297671318054199
0.060000000000000005,1.0548, 0.0000, -0.0003, 15.1326, 0.0000, 0.5248, 0.0000, 0.0177, 0.0000, 0.9998, 0.0000, -0.0780, 0.0000,0.03466545422984392,15.14170802785174,-0.11300387983425218,0.45257768034935
0.07,1.2064, 0.0000, -0.0004, 15.1614, 0.0000, 0.5104, 0.0000, 0.0172, 0.0000, 0.9999, 0.0000, -0.1130, 0.0000,0.03364931288143823,15.169964980208576,-0.11971424763305742,0.4826635420322418
0.08,1.3583, 0.0000, -0.0005, 15.1956, 0.0000, 0.4915, 0.0000, 0.0165, 0.0000, 0.9999, 0.0000, -0.1513, 0.0000,0.032336834426354405,15.203510437141421,-0.12654177193744737,0.5194427967071533
0.09,1.5105, 0.0000, -0.0007, 15.2363, 0.0000, 0.4682, 0.0000, 0.0157, 0.0000, 0.9999, 0.0000, -0.1928, 0.0000,0.030720832471510376,15.243530442139477,-0.13348890428646165,0.5622665882110596
0.09999999999999999,1.6632, 0.0000, -0.0007, 15.2849, 0.0000, 0.4402, 0.0000, 0.0146, 0.0000, 0.9999, 0.0000, -0.2381, 0.0000,0.028792255733761443,15.291250036874684,-0.1405504465590294,0.6105397939682007
0.10999999999999999,1.8164, 0.0000, -0.0008, 15.3425, 0.0000, 0.4072, 0.0000, 0.0133, 0.0000, 0.9999, 0.0000, -0.2885, 0.0000,0.026534064269473186,15.347940944187881,-0.147713582564431,0.6637412309646606
0.11999999999999998,1.9702, 0.0000, -0.0007, 15.4105, 0.0000, 0.3686, 0.0000, 0.0117, 0.0000, 0.9999, 0.0000, -0.3462, 0.0000,0.023914486070838344,15.41489356004585,-0.15495795850856858,0.7212436199188232
0.12999999999999998,2.1247, 0.0000, -0.0006, 15.4899, 0.0000, 0.3235, 0.0000, 0.0098, 0.0000, 1.0000, 0.0000, -0.4142, 0.0000,0.02088037589616402,15.493285239352172,-0.16225500290496903,0.7818447351455688
0.13999999999999999,2.2801, 0.0000, -0.0003, 15.5815, 0.0000, 0.2704, 0.0000, 0.0075, 0.0000, 1.0000, 0.0000, -0.4961, 0.0000,0.017353333780048417,15.58386052419482,-0.16956479315860826,0.8430516123771667
0.15,2.4364, 0.0000, 0.0001, 15.6851, 0.0000, 0.2076, 0.0000, 0.0048, 0.0000, 1.0000, 0.0000, -0.5949, 0.0000,0.013234242809895685,15.686439480504998,-0.1768262386809166,0.9006472826004028
0.16,2.5939, 0.0000, 0.0008, 15.7991, 0.0000, 0.1331, 0.0000, 0.0015, 0.0000, 1.0000, 0.0000, -0.7112, 0.0000,0.008421296129974732,15.799624840898721,-0.18393370812042312,0.9498883485794067
0.17,2.7525, 0.0000, 0.0019, 15.9213, 0.0000, 0.0451, 0.0000, -0.0023, 0.0000, 1.0000, 0.0000, -0.8427, 0.0000,0.0028353285274265658,15.921341296500175,-0.1906998694430168,0.9889042377471924
0.18000000000000002,2.9123, 0.0000, 0.0033, 16.0450, 0.0000, -0.0564, 0.0000, -0.0069, 0.0000, 1.0000, 0.0000, -0.9764, 0.0000,-0.003514327224429864,16.045055547922768,-0.19682525103195267,1.0
0.19000000000000003,3.0734, 0.0000, 0.0052, 16.1672, 0.0000, -0.1701, 0.0000, -0.0121, 0.0000, 0.9999, 0.0000, -1.1053, 0.0000,-0.010518523393617675,16.168072559779883,-0.20196899001701432,1.0
0.20000000000000004,3.2356, 0.0000, 0.0078, 16.2877, 0.0000, -0.2938, 0.0000, -0.0179, 0.0000, 0.9998, 0.0000, -1.2279, 0.0000,-0.018036909787326173,16.290325421990794,-0.20594536100729066,1.0
0.21000000000000005,3.3991, 0.0000, 0.0111, 16.4062, 0.0000, -0.4255, 0.0000, -0.0244, 0.0000, 0.9997, 0.0000, -1.3432, 0.0000,-0.025931003996239092,16.411736725317223,-0.20882743810518342,1.0
0.22000000000000006,3.5638, 0.0000, 0.0153, 16.5226, 0.0000, -0.5631, 0.0000, -0.0313, 0.0000, 0.9995, 0.0000, -1.4502, 0.0000,-0.03406781874750529,16.53222322038033,-0.21078909342392046,1.0
0.23000000000000007,3.7296, 0.0000, 0.0206, 16.6368, 0.0000, -0.7045, 0.0000, -0.0388, 0.0000, 0.9992, 0.0000, -1.5486, 0.0000,-0.042323024222014796,16.65170123946776,-0.21193657529755194,1.0
0.24000000000000007,3.8966, 0.0000, 0.0272, 16.7486, 0.0000, -0.8479, 0.0000, -0.0468, 0.0000, 0.9989, 0.0000, -1.6379, 0.0000,-0.05058175631624021,16.77009228021067,-0.2122464050839718,1.0
0.25000000000000006,4.0647, 0.0000, 0.0352, 16.8582, 0.0000, -0.9913, 0.0000, -0.0552, 0.0000, 0.9985, 0.0000, -1.7172, 0.0000,-0.058736686989930585,16.887328539613097,-0.21154295285447197,1.0
0.26000000000000006,4.2339, 0.0000, 0.0447, 16.9656, 0.0000, -1.1330, 0.0000, -0.0639, 0.0000, 0.9980, 0.0000, -1.7855, 0.0000,-0.06668393301389011,17.003358551737275,-0.20954188992484168,1.0
0.2700000000000001,4.4041, 0.0000, 0.0560, 17.0709, 0.0000, -1.2710, 0.0000, -0.0730, 0.0000, 0.9973, 0.0000, -1.8411, 0.0000,-0.07431892768423096,17.118153262328505,-0.20601553251250343,1.0
0.2800000000000001,4.5752, 0.0000, 0.0693, 17.1575, 0.0000, -1.4001, 0.0000, -0.0821, 0.0000, 0.9966, 0.0000, -1.8461, 0.0000,-0.08142502060696656,17.214522186409585,-0.2009446476887043,0.9235396385192871
0.2900000000000001,4.7471, 0.0000, 0.0847, 17.2325, 0.0000, -1.5141, 0.0000, -0.0913, 0.0000, 0.9958, 0.0000, -1.8207, 0.0000,-0.08763556565265462,17.29888414987487,-0.19462990333540992,0.8716473579406738
0.3000000000000001,4.9196, 0.0000, 0.1023, 17.3018, 0.0000, -1.6100, 0.0000, -0.1002, 0.0000, 0.9950, 0.0000, -1.7764, 0.0000,-0.09278755934250273,17.376585671664927,-0.18740838398440435,0.8425337672233582
0.3100000000000001,5.0926, 0.0000, 0.1222, 17.3693, 0.0000, -1.6871, 0.0000, -0.1089, 0.0000, 0.9941, 0.0000, -1.7186, 0.0000,-0.09682885633688804,17.451031994930762,-0.1795666938017185,0.8283729553222656
0.3200000000000001,5.2660, 0.0000, 0.1446, 17.4373, 0.0000, -1.7454, 0.0000, -0.1173, 0.0000, 0.9931, 0.0000, -1.6503, 0.0000,-0.09976145079011195,17.524461822425188,-0.17131895412905768,0.8239094018936157
0.3300000000000001,5.4399, 0.0000, 0.1695, 17.5077, 0.0000, -1.7852, 0.0000, -0.1253, 0.0000, 0.9921, 0.0000, -1.5736, 0.0000,-0.1016165519562796,17.59851451402563,-0.16282679428561286,0.8262916207313538
0.34000000000000014,5.6141, 0.0000, 0.1971, 17.5820, 0.0000, -1.8075, 0.0000, -0.1329, 0.0000, 0.9911, 0.0000, -1.4906, 0.0000,-0.10244438032718331,17.674625142711445,-0.1542243497560795,0.8345372676849365
0.35000000000000014,5.7886, 0.0000, 0.2273, 17.6614, 0.0000, -1.8133, 0.0000, -0.1401, 0.0000, 0.9901, 0.0000, -1.4037, 0.0000,-0.10231176783444329,17.754254500371946,-0.14563457717402534,0.8487769365310669
0.36000000000000015,5.9635, 0.0000, 0.2602, 17.7475, 0.0000, -1.8041, 0.0000, -0.1468, 0.0000, 0.9892, 0.0000, -1.3156, 0.0000,-0.10130427756987097,17.838954442268527,-0.1371752952526386,0.869410514831543
0.37000000000000016,6.1388, 0.0000, 0.2959, 17.8415, 0.0000, -1.7817, 0.0000, -0.1531, 0.0000, 0.9882, 0.0000, -1.2299, 0.0000,-0.09953034785504734,17.930267390206065,-0.12895600130065038,0.8962773084640503
0.38000000000000017,6.3144, 0.0000, 0.3342, 17.9445, 0.0000, -1.7483, 0.0000, -0.1589, 0.0000, 0.9873, 0.0000, -1.1504, 0.0000,-0.09712418107954804,18.029487704538017,-0.12106775273783757,0.9280636310577393
0.3900000000000002,6.4905, 0.0000, 0.3753, 18.0569, 0.0000, -1.7068, 0.0000, -0.1645, 0.0000, 0.9864, 0.0000, -1.0803, 0.0000,-0.09424312728854381,18.137381814087338,-0.1135709982107456,0.962281346321106
0.4000000000000002,6.6671, 0.0000, 0.4191, 18.1784, 0.0000, -1.6599, 0.0000, -0.1696, 0.0000, 0.9855, 0.0000, -1.0218, 0.0000,-0.09105658700923218,18.254021751315342,-0.10648836364253118,0.995951771736145
0.4100000000000002,6.8443, 0.0000, 0.4655, 18.3022, 0.0000, -1.6088, 0.0000, -0.1745, 0.0000, 0.9847, 0.0000, -0.9589, 0.0000,-0.08767503280806276,18.372724117403035,-0.0998069476078327,1.0
0.4200000000000002,7.0219, 0.0000, 0.5146, 18.4272, 0.0000, -1.5531, 0.0000, -0.1791, 0.0000, 0.9838, 0.0000, -0.8906, 0.0000,-0.08408305038066698,18.492544815579894,-0.09354370882018163,1.0
0.4300000000000002,7.2001, 0.0000, 0.5663, 18.5535, 0.0000, -1.4924, 0.0000, -0.1833, 0.0000, 0.9831, 0.0000, -0.8183, 0.0000,-0.08026540733510555,18.613465509512455,-0.08770661224825933,1.0
0.4400000000000002,7.3788, 0.0000, 0.6205, 18.6811, 0.0000, -1.4267, 0.0000, -0.1871, 0.0000, 0.9823, 0.0000, -0.7435, 0.0000,-0.07622312659317997,18.735463155860845,-0.08228562523825719,1.0
0.45000000000000023,7.5581, 0.0000, 0.6771, 18.8097, 0.0000, -1.3561, 0.0000, -0.1906, 0.0000, 0.9817, 0.0000, -0.6671, 0.0000,-0.07196986946808444,18.85850568253019,-0.07725315799220159,1.0
0.46000000000000024,7.7379, 0.0000, 0.7360, 18.9393, 0.0000, -1.2809, 0.0000, -0.1936, 0.0000, 0.9811, 0.0000, -0.5903, 0.0000,-0.06752841688931657,18.982549147177462,-0.07256752451165273,1.0
0.47000000000000025,7.9182, 0.0000, 0.7972, 19.0697, 0.0000, -1.2016, 0.0000, -0.1964, 0.0000, 0.9805, 0.0000, -0.5137, 0.0000,-0.06292739181438206,19.10753626328895,-0.06817866374953344,1.0
0.48000000000000026,8.0991, 0.0000, 0.8606, 19.2008, 0.0000, -1.1187, 0.0000, -0.1987, 0.0000, 0.9801, 0.0000, -0.4378, 0.0000,-0.05819837397882859,19.233396107573522,-0.06403431435330464,1.0
0.49000000000000027,8.2806, 0.0000, 0.9261, 19.3325, 0.0000, -1.0328, 0.0000, -0.2006, 0.0000, 0.9797, 0.0000, -0.3631, 0.0000,-0.05337351459252025,19.360044766123455,-0.060084604818659564,1.0
0.5000000000000002,8.4628, 0.0000, 0.9936, 19.4645, 0.0000, -0.9445, 0.0000, -0.2022, 0.0000, 0.9793, 0.0000, -0.2896, 0.0000,-0.048483680364879045,19.48738665294614,-0.05628393073781087,1.0
0.5100000000000002,8.6456, 0.0000, 1.0629, 19.5967, 0.0000, -0.8541, 0.0000, -0.2035, 0.0000, 0.9791, 0.0000, -0.2176, 0.0000,-0.04355707540755148,19.615316245068968,-0.05259012540085866,1.0
0.5200000000000002,8.8291, 0.0000, 1.1341, 19.7290, 0.0000, -0.7623, 0.0000, -0.2044, 0.0000, 0.9789, 0.0000, -0.1469, 0.0000,-0.03861822993975031,19.743720014020468,-0.0489615346978481,1.0
0.5300000000000002,9.0133, 0.0000, 1.2068, 19.8612, 0.0000, -0.6693, 0.0000, -0.2049, 0.0000, 0.9788, 0.0000, -0.0773, 0.0000,-0.03368721693371551,19.872478379881926,-0.04535299469931676,1.0
0.5400000000000003,9.1983, 0.0000, 1.2811, 19.9932, 0.0000, -0.5755, 0.0000, -0.2051, 0.0000, 0.9787, 0.0000, -0.0086, 0.0000,-0.028778966305570225,20.00146755802989,-0.041711996991472974,1.0
0.5500000000000003,9.3842, 0.0000, 1.3568, 20.1248, 0.0000, -0.4811, 0.0000, -0.2050, 0.0000, 0.9788, 0.0000, 0.0598, 0.0000,-0.023902593519886602,20.130561200946822,-0.03797666629059865,1.0
0.5600000000000003,9.5709, 0.0000, 1.4337, 20.2560, 0.0000, -0.3861, 0.0000, -0.2046, 0.0000, 0.9789, 0.0000, 0.1283, 0.0000,-0.0190607394100336,20.259631754211636,-0.03407688399060323,1.0
0.5700000000000003,9.7585, 0.0000, 1.5119, 20.3818, 0.0000, -0.2891, 0.0000, -0.2037, 0.0000, 0.9790, 0.0000, 0.2114, 0.0000,-0.01418432995170703,20.38388153865113,-0.02994003375275685,0.9786136150360107
0.5800000000000003,9.9469, 0.0000, 1.5909, 20.4790, 0.0000, -0.1826, 0.0000, -0.2023, 0.0000, 0.9793, 0.0000, 0.3557, 0.0000,-0.008913878646921537,20.479842486199576,-0.025506397385435836,0.8402090668678284
0.5900000000000003,10.1358, 0.0000, 1.6707, 20.5370, 0.0000, -0.0598, 0.0000, -0.2002, 0.0000, 0.9798, 0.0000, 0.5145, 0.0000,-0.002911611036790961,20.537075252565387,-0.02081339677079274,0.609236478805542
0.6000000000000003,10.3250, 0.0000, 1.7508, 20.5628, 0.0000, 0.0744, 0.0000, -0.1974, 0.0000, 0.9803, 0.0000, 0.6318, 0.0000,0.0036169660033915515,20.56292106469285,-0.016197073061304825,0.3473814129829407
0.6100000000000003,10.5144, 0.0000, 1.8311, 20.5731, 0.0000, 0.2125, 0.0000, -0.1941, 0.0000, 0.9810, 0.0000, 0.7317, 0.0000,0.010328755409399997,20.574244723617483,-0.01185946633322789,0.15711933374404907
0.6200000000000003,10.7039, 0.0000, 1.9113, 20.5756, 0.0000, 0.3545, 0.0000, -0.1902, 0.0000, 0.9818, 0.0000, 0.8527, 0.0000,0.017227097728656608,20.57867988840565,-0.007823161978560228,0.0
0.6300000000000003,10.8936, 0.0000, 1.9912, 20.5769, 0.0000, 0.5012, 0.0000, -0.1857, 0.0000, 0.9826, 0.0000, 0.9653, 0.0000,0.024351943771496257,20.58302106002344,-0.004010625083285112,0.0
0.6400000000000003,11.0834, 0.0000, 2.0707, 20.5768, 0.0000, 0.6504, 0.0000, -0.1807, 0.0000, 0.9835, 0.0000, 1.0709, 0.0000,0.031596852456197866,20.587047132974348,-9.254058106495777e-05,0.0
0.6500000000000004,11.2736, 0.0000, 2.1496, 20.5750, 0.0000, 0.8005, 0.0000, -0.1752, 0.0000, 0.9845, 0.0000, 1.1718, 0.0000,0.03888867425212492,20.59052636052551,0.004322114091080886,0.0
0.6600000000000004,11.4642, 0.0000, 2.2276, 20.5713, 0.0000, 0.9508, 0.0000, -0.1692, 0.0000, 0.9856, 0.0000, 1.2702, 0.0000,0.04618635715447232,20.593222662372447,0.009228213529748184,0.0
0.6700000000000004,11.6552, 0.0000, 2.3046, 20.5655, 0.0000, 1.1007, 0.0000, -0.1627, 0.0000, 0.9867, 0.0000, 1.3667, 0.0000,0.053468719205394734,20.594899530299415,0.014281711678666336,0.0
0.6800000000000004,11.8467, 0.0000, 2.3804, 20.5574, 0.0000, 1.2498, 0.0000, -0.1557, 0.0000, 0.9878, 0.0000, 1.4612, 0.0000,0.06072075296459408,20.595322568826344,0.0191929681111996,0.0
0.6900000000000004,12.0388, 0.0000, 2.4547, 20.5468, 0.0000, 1.3978, 0.0000, -0.1482, 0.0000, 0.9890, 0.0000, 1.5532, 0.0000,0.0679261586933078,20.594261530409483,0.023819827835721237,0.0
0.7000000000000004,12.2314, 0.0000, 2.5275, 20.5335, 0.0000, 1.5443, 0.0000, -0.1403, 0.0000, 0.9901, 0.0000, 1.6420, 0.0000,0.07506530898652167,20.591492414901005,0.0281150809933369,0.0
0.7100000000000004,12.4247, 0.0000, 2.5984, 20.5174, 0.0000, 1.6886, 0.0000, -0.1320, 0.0000, 0.9913, 0.0000, 1.7271, 0.0000,0.0821158194881903,20.586799775767677,0.032074645857972366,0.0
0.7200000000000004,12.6186, 0.0000, 2.6674, 20.4984, 0.0000, 1.8303, 0.0000, -0.1232, 0.0000, 0.9924, 0.0000, 1.8080, 0.0000,0.08905382144702563,20.57997913056074,0.03570412645832942,0.0
0.7300000000000004,12.8133, 0.0000, 2.7341, 20.4764, 0.0000, 1.9688, 0.0000, -0.1141, 0.0000, 0.9935, 0.0000, 1.8844, 0.0000,0.09585504196368784,20.570839339184452,0.03900492916600154,0.0
0.7400000000000004,13.0086, 0.0000, 2.7984, 20.4513, 0.0000, 2.1035, 0.0000, -0.1045, 0.0000, 0.9945, 0.0000, 1.9558, 0.0000,0.10249552965613944,20.559204847130903,0.04197559277312205,0.0
0.7500000000000004,13.2046, 0.0000, 2.8602, 20.4231, 0.0000, 2.2340, 0.0000, -0.0946, 0.0000, 0.9955, 0.0000, 2.0220, 0.0000,0.10895222419843703,20.544917704071775,0.04461962292687342,0.0
0.7600000000000005,13.4013, 0.0000, 2.9192, 20.3918, 0.0000, 2.3597, 0.0000, -0.0844, 0.0000, 0.9964, 0.0000, 2.0828, 0.0000,0.1152035950749735,20.52783924963056,0.046952233116788124,0.0
0.7700000000000005,13.5987, 0.0000, 2.9752, 20.3573, 0.0000, 2.4801, 0.0000, -0.0739, 0.0000, 0.9973, 0.0000, 2.1380, 0.0000,0.12123042365975469,20.50785133805353,0.04900217215315745,0.0
0.7800000000000005,13.7967, 0.0000, 3.0282, 20.3198, 0.0000, 2.5949, 0.0000, -0.0631, 0.0000, 0.9980, 0.0000, 2.1876, 0.0000,0.12701663591849588,20.484856984962022,0.05080876017705843,0.0
0.7900000000000005,13.9953, 0.0000, 3.0778, 20.2793, 0.0000, 2.7039, 0.0000, -0.0521, 0.0000, 0.9986, 0.0000, 2.2316, 0.0000,0.13255000967751795,20.458780372478795,0.0524164807309334,0.0
0.8000000000000005,14.1945, 0.0000, 3.1240, 20.2358, 0.0000, 2.8068, 0.0000, -0.0408, 0.0000, 0.9992, 0.0000, 2.2701, 0.0000,0.13782259490781074,20.429566228838848,0.0538695081581299,0.0
0.8100000000000005,14.3941, 0.0000, 3.1667, 20.1895, 0.0000, 2.9034, 0.0000, -0.0294, 0.0000, 0.9996, 0.0000, 2.3034, 0.0000,0.14283075810649576,20.397178679556124,0.05520752320782587,0.0
0.8200000000000005,14.5941, 0.0000, 3.2057, 20.1403, 0.0000, 2.9940, 0.0000, -0.0178, 0.0000, 0.9998, 0.0000, 2.3315, 0.0000,0.14757484654835037,20.361599727396978,0.05646323228971407,0.0
0.8300000000000005,14.7945, 0.0000, 3.2408, 20.0883, 0.0000, 3.0784, 0.0000, -0.0061, 0.0000, 1.0000, 0.0000, 2.3547, 0.0000,0.152058538028299,20.32282754580326,0.05766157458321497,0.0
0.8400000000000005,14.9951, 0.0000, 3.2721, 20.0337, 0.0000, 3.1568, 0.0000, 0.0057, 0.0000, 1.0000, 0.0000, 2.3730, 0.0000,0.1562879857894275,20.28087476300323,0.058820288132590506,0.0
0.8500000000000005,15.1958, 0.0000, 3.2993, 19.9764, 0.0000, 3.2293, 0.0000, 0.0176, 0.0000, 0.9998, 0.0000, 2.3867, 0.0000,0.1602708829228458,20.235766878652786,0.05995129222766802,0.0
0.8600000000000005,15.3966, 0.0000, 3.3225, 19.9166, 0.0000, 3.2962, 0.0000, 0.0296, 0.0000, 0.9996, 0.0000, 2.3956, 0.0000,0.16401555860444567,20.18754090378679,0.061062286149424765,0.0
0.8700000000000006,15.5973, 0.0000, 3.3416, 19.8543, 0.0000, 3.3577, 0.0000, 0.0416, 0.0000, 0.9991, 0.0000, 2.4000, 0.0000,0.16753018883056695,20.13624426149333,0.062158070902985786,0.0
0.8800000000000006,15.7979, 0.0000, 3.3564, 19.7896, 0.0000, 3.4138, 0.0000, 0.0535, 0.0000, 0.9986, 0.0000, 2.3999, 0.0000,0.17082217042892006,20.08193394012461,0.06324147398368761,0.0
0.8900000000000006,15.9981, 0.0000, 3.3671, 19.7227, 0.0000, 3.4647, 0.0000, 0.0655, 0.0000, 0.9979, 0.0000, 2.3954, 0.0000,0.173897679415702,20.024675857172458,0.06431388812856123,0.0
0.9000000000000006,16.1980, 0.0000, 3.3736, 19.6535, 0.0000, 3.5106, 0.0000, 0.0774, 0.0000, 0.9970, 0.0000, 2.3866, 0.0000,0.17676141651001664,19.964544370458928,0.06537555041508124,0.0
0.9100000000000006,16.3973, 0.0000, 3.3758, 19.5822, 0.0000, 3.5516, 0.0000, 0.0893, 0.0000, 0.9960, 0.0000, 2.3736, 0.0000,0.17941653289981804,19.901621862024957,0.06642565595702574,0.0
0.9200000000000006,16.5960, 0.0000, 3.3738, 19.5089, 0.0000, 3.5876, 0.0000, 0.1011, 0.0000, 0.9949, 0.0000, 2.3569, 0.0000,0.1818647247620368,19.835998316873173,0.06746238673822329,0.0
0.9300000000000006,16.7939, 0.0000, 3.3676, 19.4337, 0.0000, 3.6189, 0.0000, 0.1127, 0.0000, 0.9936, 0.0000, 2.3365, 0.0000,0.18410648246181976,19.7677708218025,0.06848291086749479,0.0
0.9400000000000006,16.9909, 0.0000, 3.3573, 19.3568, 0.0000, 3.6453, 0.0000, 0.1243, 0.0000, 0.9922, 0.0000, 2.3131, 0.0000,0.18614147723018756,19.697042917977345,0.06948339330748961,0.0
0.9500000000000006,17.1870, 0.0000, 3.3428, 19.2783, 0.0000, 3.6670, 0.0000, 0.1357, 0.0000, 0.9908, 0.0000, 2.2870, 0.0000,0.18796906306023842,19.62392375418937,0.07045905488328383,0.0
0.9600000000000006,17.3820, 0.0000, 3.3243, 19.1983, 0.0000, 3.6840, 0.0000, 0.1469, 0.0000, 0.9891, 0.0000, 2.2587, 0.0000,0.1895888642213873,19.54852700580124,0.07140430043236659,0.0
0.9700000000000006,17.5758, 0.0000, 3.3017, 19.1169, 0.0000, 3.6964, 0.0000, 0.1580, 0.0000, 0.9874, 0.0000, 2.2289, 0.0000,0.19100140986436293,19.470969546799154,0.0723129257072632,0.0
0.9800000000000006,17.7683, 0.0000, 3.2752, 19.0343, 0.0000, 3.7043, 0.0000, 0.1689, 0.0000, 0.9856, 0.0000, 2.1982, 0.0000,0.19220876820615998,19.391369888390734,0.07317838529841349,0.0
0.9900000000000007,17.9594, 0.0000, 3.2449, 18.9505, 0.0000, 3.7078, 0.0000, 0.1797, 0.0000, 0.9837, 0.0000, 2.1672, 0.0000,0.19321512622854514,19.309846425532672,0.07399412180082247,0.0
1.0000000000000007,18.1490, 0.0000, 3.2107, 18.8657, 0.0000, 3.7071, 0.0000, 0.1903, 0.0000, 0.9817, 0.0000, 2.1366, 0.0000,0.19402725876315188,19.226515559984417,0.07475390384690211,0.0
1.0100000000000007,18.3371, 0.0000, 3.1727, 18.7800, 0.0000, 3.7025, 0.0000, 0.2007, 0.0000, 0.9797, 0.0000, 2.1068, 0.0000,0.194654834895378,19.14148979181573,0.07545215497509883,0.0
1.0200000000000007,18.5234, 0.0000, 3.1311, 18.6933, 0.0000, 3.6943, 0.0000, 0.2109, 0.0000, 0.9775, 0.0000, 2.0784, 0.0000,0.19511052044624733,19.05487588720835,0.07608421596483633,0.0
1.0300000000000007,18.7081, 0.0000, 3.0859, 18.6058, 0.0000, 3.6828, 0.0000, 0.2210, 0.0000, 0.9753, 0.0000, 2.0517, 0.0000,0.19540985246678425,18.966773235969345,0.0766465428729479,0.0
1.0400000000000007,18.8909, 0.0000, 3.0372, 18.5174, 0.0000, 3.6684, 0.0000, 0.2309, 0.0000, 0.9730, 0.0000, 2.0271, 0.0000,0.19557088374260578,18.877272505375355,0.07713682564691947,0.0
1.0500000000000007,19.0719, 0.0000, 2.9851, 18.4282, 0.0000, 3.6515, 0.0000, 0.2407, 0.0000, 0.9706, 0.0000, 2.0048, 0.0000,0.19561361983980913,18.786454677568052,0.07755408021406578,0.0
1.0600000000000007,19.2509, 0.0000, 2.9296, 18.3381, 0.0000, 3.6326, 0.0000, 0.2504, 0.0000, 0.9681, 0.0000, 1.9848, 0.0000,0.19555929531764088,18.694390527211155,0.07789875882462906,0.0
1.0700000000000007,19.4279, 0.0000, 2.8708, 18.2471, 0.0000, 3.6121, 0.0000, 0.2599, 0.0000, 0.9656, 0.0000, 1.9671, 0.0000,0.19542955541114818,18.60114055804927,0.07817291158036636,0.0
1.0800000000000007,19.6028, 0.0000, 2.8089, 18.1551, 0.0000, 3.5904, 0.0000, 0.2694, 0.0000, 0.9630, 0.0000, 1.9516, 0.0000,0.19524562132442505,18.506755376458223,0.07838041323022293,0.0
1.0900000000000007,19.7755, 0.0000, 2.7439, 18.0622, 0.0000, 3.5680, 0.0000, 0.2787, 0.0000, 0.9604, 0.0000, 1.9380, 0.0000,0.19502751880221378,18.4112764427078,0.07852722677187371,0.0
1.1000000000000008,19.9461, 0.0000, 2.6758, 17.9684, 0.0000, 3.5451, 0.0000, 0.2880, 0.0000, 0.9576, 0.0000, 1.9262, 0.0000,0.19479343970307142,18.31473711173531,0.07862161013082909,0.0
1.1100000000000008,20.1144, 0.0000, 2.6048, 17.8735, 0.0000, 3.5220, 0.0000, 0.2972, 0.0000, 0.9548, 0.0000, 1.9158, 0.0000,0.19455928648393792,18.217163858582794,0.07867419066624093,0.0
1.1200000000000008,20.2804, 0.0000, 2.5310, 17.7775, 0.0000, 3.4990, 0.0000, 0.3063, 0.0000, 0.9519, 0.0000, 1.9066, 0.0000,0.1943384232009228,18.118577580689543,0.07869778635696817,0.0
1.1300000000000008,20.4440, 0.0000, 2.4544, 17.6805, 0.0000, 3.4763, 0.0000, 0.3153, 0.0000, 0.9490, 0.0000, 1.8983, 0.0000,0.19414162834217671,18.01899487917845,0.0787069121261065,0.0
1.1400000000000008,20.6053, 0.0000, 2.3751, 17.5824, 0.0000, 3.4540, 0.0000, 0.3243, 0.0000, 0.9460, 0.0000, 1.8907, 0.0000,0.19397721957208802,17.918429241226004,0.07871694567398477,0.0
1.1500000000000008,20.7641, 0.0000, 2.2932, 17.4832, 0.0000, 3.4322, 0.0000, 0.3332, 0.0000, 0.9429, 0.0000, 1.8836, 0.0000,0.19385130235373285,17.81689207147962,0.07874302464322495,0.0
1.1600000000000008,20.9204, 0.0000, 2.2088, 17.3829, 0.0000, 3.4110, 0.0000, 0.3421, 0.0000, 0.9397, 0.0000, 1.8767, 0.0000,0.19376808625261435,17.71439354770091,0.07879883530334877,0.0
1.1700000000000008,21.0742, 0.0000, 2.1220, 17.2815, 0.0000, 3.3905, 0.0000, 0.3509, 0.0000, 0.9364, 0.0000, 1.8701, 0.0000,0.19373021514437702,17.61094330014175,0.07889551686839509,0.0
1.1800000000000008,21.2255, 0.0000, 2.0329, 17.1790, 0.0000, 3.3705, 0.0000, 0.3596, 0.0000, 0.9331, 0.0000, 1.8634, 0.0000,0.19373906926786524,17.506550932365297,0.07904093476728845,0.0
1.1900000000000008,21.3742, 0.0000, 1.9415, 17.0755, 0.0000, 3.3512, 0.0000, 0.3682, 0.0000, 0.9297, 0.0000, 1.8568, 0.0000,0.1937950142166722,17.401226411550258,0.07923944788770128,0.0
1.2000000000000008,21.5203, 0.0000, 1.8479, 16.9709, 0.0000, 3.3325, 0.0000, 0.3768, 0.0000, 0.9263, 0.0000, 1.8500, 0.0000,0.19389758964183282,17.2949803589926,0.07949218752579142,0.0
1.2100000000000009,21.6637, 0.0000, 1.7523, 16.8652, 0.0000, 3.3143, 0.0000, 0.3854, 0.0000, 0.9228, 0.0000, 1.8431, 0.0000,0.19404564445911626,17.187824268224315,0.07979770707683016,0.0
1.2200000000000009,21.8045, 0.0000, 1.6546, 16.7586, 0.0000, 3.2967, 0.0000, 0.3938, 0.0000, 0.9192, 0.0000, 1.8359, 0.0000,0.19423743332737575,17.07977067151401,0.08015281650022914,0.0
1.2300000000000009,21.9427, 0.0000, 1.5551, 16.6509, 0.0000, 3.2796, 0.0000, 0.4022, 0.0000, 0.9155, 0.0000, 1.8284, 0.0000,0.1944706911183682,16.97083326800515,0.08055340456561495,0.0
1.2400000000000009,22.0781, 0.0000, 1.4538, 16.5423, 0.0000, 3.2628, 0.0000, 0.4106, 0.0000, 0.9118, 0.0000, 1.8206, 0.0000,0.19474269974227504,16.86102702025301,0.08099513607816149,0.0
1.2500000000000009,22.2108, 0.0000, 1.3507, 16.4327, 0.0000, 3.2465, 0.0000, 0.4188, 0.0000, 0.9081, 0.0000, 1.8124, 0.0000,0.1950503573567273,16.750368221297233,0.0814739701409762,0.0
1.260000000000001,22.3408, 0.0000, 1.2459, 16.3223, 0.0000, 3.2304, 0.0000, 0.4270, 0.0000, 0.9042, 0.0000, 1.8037, 0.0000,0.19539025537352642,16.638874531779447,0.08198650109366823,0.0
1.270000000000001,22.4681, 0.0000, 1.1396, 16.2109, 0.0000, 3.2146, 0.0000, 0.4352, 0.0000, 0.9004, 0.0000, 1.7947, 0.0000,0.19575876480358398,16.526564985654726,0.08253014567093302,0.0
1.280000000000001,22.5926, 0.0000, 1.0319, 16.0987, 0.0000, 3.1989, 0.0000, 0.4432, 0.0000, 0.8964, 0.0000, 1.7851, 0.0000,0.1961521307743497,16.413459963266703,0.08310322004155565,0.0
1.290000000000001,22.7144, 0.0000, 0.9227, 15.9857, 0.0000, 3.1834, 0.0000, 0.4512, 0.0000, 0.8924, 0.0000, 1.7751, 0.0000,0.1965665724908777,16.299581131456076,0.08370493965939928,0.0
1.300000000000001,22.8335, 0.0000, 0.8122, 15.8719, 0.0000, 3.1678, 0.0000, 0.4590, 0.0000, 0.8884, 0.0000, 1.7647, 0.0000,0.1969983850650219,16.184951351596307,0.08433535667852808,0.0
1.310000000000001,22.9498, 0.0000, 0.7005, 15.7574, 0.0000, 3.1523, 0.0000, 0.4668, 0.0000, 0.8843, 0.0000, 1.7538, 0.0000,0.19744403937878,16.06959455777741,0.08499526667193819,0.0
1.320000000000001,23.0633, 0.0000, 0.5876, 15.6421, 0.0000, 3.1366, 0.0000, 0.4745, 0.0000, 0.8802, 0.0000, 1.7426, 0.0000,0.19790027619441006,15.95353560860222,0.08568607899145532,0.0
1.330000000000001,23.1741, 0.0000, 0.4736, 15.5262, 0.0000, 3.1209, 0.0000, 0.4822, 0.0000, 0.8761, 0.0000, 1.7310, 0.0000,0.19836419085667148,15.83680011718326,0.08640966417984415,0.0
1.340000000000001,23.2822, 0.0000, 0.3586, 15.4097, 0.0000, 3.1050, 0.0000, 0.4897, 0.0000, 0.8719, 0.0000, 1.7191, 0.0000,0.19883330505962574,15.719414264882998,0.08716816263989854,0.0
1.350000000000001,23.3875, 0.0000, 0.2428, 15.2926, 0.0000, 3.0889, 0.0000, 0.4972, 0.0000, 0.8677, 0.0000, 1.7070, 0.0000,0.1993056221614858,15.601404605157942,0.08796375307039667,0.0
1.360000000000001,23.4902, 0.0000, 0.1260, 15.1749, 0.0000, 3.0726, 0.0000, 0.5045, 0.0000, 0.8634, 0.0000, 1.6947, 0.0000,0.19977966252227883,15.482797864540844,0.08879837038711953,0.0
1.370000000000001,23.5901, 0.0000, 0.0086, 15.0566, 0.0000, 3.0561, 0.0000, 0.5118, 0.0000, 0.8591, 0.0000, 1.6823, 0.0000,0.20025447507101715,15.363620748351435,0.08967333796219278,0.0
1.380000000000001,23.6873, 0.0000, -0.1096, 14.9378, 0.0000, 3.0394, 0.0000, 0.5190, 0.0000, 0.8548, 0.0000, 1.6698, 0.0000,0.20072962089657875,15.243899759234784,0.0905889080722754,0.0
1.390000000000001,23.7819, 0.0000, -0.2284, 14.8186, 0.0000, 3.0225, 0.0000, 0.5261, 0.0000, 0.8504, 0.0000, 1.6573, 0.0000,0.20120512405383115,15.12366103708626,0.09154366093472886,0.0
1.400000000000001,23.8737, 0.0000, -0.3478, 14.6988, 0.0000, 3.0053, 0.0000, 0.5331, 0.0000, 0.8461, 0.0000, 1.6449, 0.0000,0.2016813836467861,15.00293022944324,0.09253370451526094,0.0
1.410000000000001,23.9630, 0.0000, -0.4676, 14.5787, 0.0000, 2.9880, 0.0000, 0.5400, 0.0000, 0.8417, 0.0000, 1.6325, 0.0000,0.2021590395808068,14.881732402126183,0.09355160641269136,0.0
1.420000000000001,24.0496, 0.0000, -0.5879, 14.4581, 0.0000, 2.9705, 0.0000, 0.5468, 0.0000, 0.8373, 0.0000, 1.6201, 0.0000,0.20263878194779697,14.76009200092394,0.09458495232061792,0.0
1.430000000000001,24.1337, 0.0000, -0.7085, 14.3371, 0.0000, 2.9529, 0.0000, 0.5535, 0.0000, 0.8328, 0.0000, 1.6078, 0.0000,0.20312109049339788,14.6380328766323,0.09561439263419558,0.0
1.440000000000001,24.2151, 0.0000, -0.8294, 14.2157, 0.0000, 2.9351, 0.0000, 0.5602, 0.0000, 0.8284, 0.0000, 1.5954, 0.0000,0.20360588610777827,14.515578387962908,0.09661104756192614,0.0
1.450000000000001,24.2940, 0.0000, -0.9505, 14.0940, 0.0000, 2.9171, 0.0000, 0.5668, 0.0000, 0.8239, 0.0000, 1.5828, 0.0000,0.20409207074443042,14.392751599846589,0.09753308641509463,0.0
1.460000000000001,24.3704, 0.0000, -1.0717, 13.9720, 0.0000, 2.8989, 0.0000, 0.5732, 0.0000, 0.8194, 0.0000, 1.5698, 0.0000,0.20457692545342826,14.269575598589036,0.0983212819953387,0.0
1.470000000000001,24.4443, 0.0000, -1.1931, 13.8497, 0.0000, 2.8804, 0.0000, 0.5796, 0.0000, 0.8149, 0.0000, 1.5562, 0.0000,0.20505532809182617,14.146073950282156,0.09889325829939295,0.0
1.480000000000001,24.5157, 0.0000, -1.3145, 13.7272, 0.0000, 2.8616, 0.0000, 0.5859, 0.0000, 0.8104, 0.0000, 1.5416, 0.0000,0.20551874386557686,14.022271334823293,0.09913630652026584,0.0
1.490000000000001,24.5847, 0.0000, -1.4358, 13.6045, 0.0000, 2.8422, 0.0000, 0.5921, 0.0000, 0.8059, 0.0000, 1.5255, 0.0000,0.20595394586273244,13.898194393343095,0.09890029045538357,0.0
1.500000000000001,24.6513, 0.0000, -1.5571, 13.4817, 0.0000, 2.8220, 0.0000, 0.5982, 0.0000, 0.8013, 0.0000, 1.5073, 0.0000,0.20634149629610418,13.77387282286379,0.09799941423134258,0.0
1.5100000000000011,24.7155, 0.0000, -1.6783, 13.3589, 0.0000, 2.8007, 0.0000, 0.6042, 0.0000, 0.7968, 0.0000, 1.4864, 0.0000,0.2066543038801517,13.649340707980436,0.09624805259303501,0.0
1.5200000000000011,24.7773, 0.0000, -1.7993, 13.2363, 0.0000, 2.7778, 0.0000, 0.6100, 0.0000, 0.7924, 0.0000, 1.4620, 0.0000,0.20685710363942503,13.524637942263617,0.09355077850417545,0.0
1.5300000000000011,24.8369, 0.0000, -1.9200, 13.1140, 0.0000, 2.7528, 0.0000, 0.6158, 0.0000, 0.7879, 0.0000, 1.4339, 0.0000,0.20690787121847273,13.399811375140224,0.08998171883420399,0.0
1.5400000000000011,24.8942, 0.0000, -2.0404, 12.9922, 0.0000, 2.7252, 0.0000, 0.6213, 0.0000, 0.7835, 0.0000, 1.4022, 0.0000,0.2067612787152611,13.274915218072088,0.08575151639775684,0.0
1.5500000000000012,24.9492, 0.0000, -2.1606, 12.8710, 0.0000, 2.6946, 0.0000, 0.6267, 0.0000, 0.7792, 0.0000, 1.3673, 0.0000,0.20637313446478575,13.150010427488034,0.08110384004907062,0.0
1.5600000000000012,25.0020, 0.0000, -2.2803, 12.7506, 0.0000, 2.6605, 0.0000, 0.6320, 0.0000, 0.7750, 0.0000, 1.3303, 0.0000,0.2057045773880744,13.025163098736737,0.07623988467053822,0.0
1.5700000000000012,25.0526, 0.0000, -2.3996, 12.6310, 0.0000, 2.6226, 0.0000, 0.6371, 0.0000, 0.7708, 0.0000, 1.2921, 0.0000,0.2047253669385925,12.900442121975754,0.07129365461663655,0.0
1.5800000000000012,25.1011, 0.0000, -2.5185, 12.5125, 0.0000, 2.5809, 0.0000, 0.6419, 0.0000, 0.7667, 0.0000, 1.2538, 0.0000,0.20341613053100174,12.775916420452427,0.06633924203710011,0.0
1.5900000000000012,25.1475, 0.0000, -2.6369, 12.3950, 0.0000, 2.5354, 0.0000, 0.6467, 0.0000, 0.7628, 0.0000, 1.2162, 0.0000,0.20176965862229276,12.65165207573531,0.06140987830953053,0.0
1.6000000000000012,25.1917, 0.0000, -2.7548, 12.2785, 0.0000, 2.4863, 0.0000, 0.6512, 0.0000, 0.7589, 0.0000, 1.1802, 0.0000,0.19979134924210729,12.527709603076673,0.056516156371397286,0.0
1.6100000000000012,25.2339, 0.0000, -2.8721, 12.1630, 0.0000, 2.4339, 0.0000, 0.6556, 0.0000, 0.7551, 0.0000, 1.1464, 0.0000,0.19749882410714495,12.404141602342678,0.05165860998229435,0.0
1.6200000000000012,25.2741, 0.0000, -2.9888, 12.0484, 0.0000, 2.3787, 0.0000, 0.6599, 0.0000, 0.7514, 0.0000, 1.1150, 0.0000,0.19492067425387713,12.28099097748978,0.046834703560632976,0.0
1.6300000000000012,25.3122, 0.0000, -3.1049, 11.9347, 0.0000, 2.3212, 0.0000, 0.6640, 0.0000, 0.7477, 0.0000, 1.0862, 0.0000,0.19209431229453827,12.15828987609565,0.04204197811679295,0.0
1.6400000000000012,25.3484, 0.0000, -3.2203, 11.8216, 0.0000, 2.2620, 0.0000, 0.6680, 0.0000, 0.7441, 0.0000, 1.0599, 0.0000,0.1890630308075951,12.036059433791193,0.03727909433440617,0.0
1.6500000000000012,25.3826, 0.0000, -3.3351, 11.7091, 0.0000, 2.2018, 0.0000, 0.6719, 0.0000, 0.7406, 0.0000, 1.0356, 0.0000,0.18587255524871024,11.914310312156434,0.03254594611720493,0.0
1.6600000000000013,25.4150, 0.0000, -3.4491, 11.5971, 0.0000, 2.1411, 0.0000, 0.6757, 0.0000, 0.7372, 0.0000, 1.0130, 0.0000,0.18256754778523207,11.793043908400053,0.02784345018462589,0.0
1.6700000000000013,25.4455, 0.0000, -3.5624, 11.4854, 0.0000, 2.0804, 0.0000, 0.6794, 0.0000, 0.7338, 0.0000, 0.9916, 0.0000,0.17918857007060918,11.672254022678482,0.0231732960303252,0.0
1.6800000000000013,25.4741, 0.0000, -3.6749, 11.3739, 0.0000, 2.0200, 0.0000, 0.6830, 0.0000, 0.7304, 0.0000, 0.9709, 0.0000,0.17576990631014963,11.551928725010502,0.01853775041894367,0.0
1.6900000000000013,25.5011, 0.0000, -3.7866, 11.2627, 0.0000, 1.9604, 0.0000, 0.6865, 0.0000, 0.7272, 0.0000, 0.9505, 0.0000,0.17233842599038346,11.432052179784701,0.01393950926856449,0.0
1.7000000000000013,25.5263, 0.0000, -3.8975, 11.1516, 0.0000, 1.9018, 0.0000, 0.6899, 0.0000, 0.7239, 0.0000, 0.9300, 0.0000,0.16891342649176494,11.312606248341533,0.009381620760721472,0.0
1.7100000000000013,25.5498, 0.0000, -4.0076, 11.0406, 0.0000, 1.8442, 0.0000, 0.6932, 0.0000, 0.7207, 0.0000, 0.9092, 0.0000,0.16550722748894084,11.193571771174252,0.004867431398195532,0.0
1.7200000000000013,25.5717, 0.0000, -4.1167, 10.9297, 0.0000, 1.7877, 0.0000, 0.6964, 0.0000, 0.7176, 0.0000, 0.8877, 0.0000,0.16212622572419155,11.074929504884476,0.00040057766036441685,0.0
1.7300000000000013,25.5921, 0.0000, -4.2250, 10.8188, 0.0000, 1.7323, 0.0000, 0.6996, 0.0000, 0.7146, 0.0000, 0.8657, 0.0000,0.15877214237091491,10.95666074071749,-0.004015010122495386,0.0
1.7400000000000013,25.6110, 0.0000, -4.3323, 10.7081, 0.0000, 1.6780, 0.0000, 0.7026, 0.0000, 0.7116, 0.0000, 0.8428, 0.0000,0.1554432644597529,10.83874765904156,-0.008375079755025598,0.0
1.7500000000000013,25.6284, 0.0000, -4.4387, 10.5973, 0.0000, 1.6248, 0.0000, 0.7056, 0.0000, 0.7086, 0.0000, 0.8193, 0.0000,0.15213555963264708,10.721173482541351,-0.01267500502272198,0.0
1.7600000000000013,25.6444, 0.0000, -4.5441, 10.4867, 0.0000, 1.5725, 0.0000, 0.7084, 0.0000, 0.7058, 0.0000, 0.7950, 0.0000,0.14884360812879002,10.603922487323258,-0.016909713868337367,0.0
1.7700000000000014,25.6591, 0.0000, -4.6485, 10.3761, 0.0000, 1.5211, 0.0000, 0.7112, 0.0000, 0.7030, 0.0000, 0.7700, 0.0000,0.14556134037137078,10.486979921759518,-0.021073586467939113,0.0
1.7800000000000014,25.6725, 0.0000, -4.7520, 10.2655, 0.0000, 1.4705, 0.0000, 0.7138, 0.0000, 0.7003, 0.0000, 0.7445, 0.0000,0.14228259438090163,10.370331871889201,-0.025160330657201503,0.0
1.7900000000000014,25.6846, 0.0000, -4.8544, 10.1551, 0.0000, 1.4207, 0.0000, 0.7164, 0.0000, 0.6977, 0.0000, 0.7185, 0.0000,0.1390015193505689,10.253965101853801,-0.02916282606525967,0.0
1.8000000000000014,25.6955, 0.0000, -4.9557, 10.0447, 0.0000, 1.3716, 0.0000, 0.7188, 0.0000, 0.6952, 0.0000, 0.6921, 0.0000,0.13571285509037087,10.137866889164718,-0.03307294738693783,0.0
1.8100000000000014,25.7053, 0.0000, -5.0561, 9.9343, 0.0000, 1.3232, 0.0000, 0.7212, 0.0000, 0.6927, 0.0000, 0.6655, 0.0000,0.13241211555867632,10.022024867809971,-0.03688136649532864,0.0
1.8200000000000014,25.7140, 0.0000, -5.1553, 9.8240, 0.0000, 1.2753, 0.0000, 0.7235, 0.0000, 0.6904, 0.0000, 0.6387, 0.0000,0.1290957009697962,9.906426887154687,-0.040577344123559685,0.0
1.8300000000000014,25.7216, 0.0000, -5.2535, 9.7137, 0.0000, 1.2281, 0.0000, 0.7256, 0.0000, 0.6881, 0.0000, 0.6120, 0.0000,0.12576095843504284,9.791060890981516,-0.04414854568644115,0.0
1.8400000000000014,25.7283, 0.0000, -5.3506, 9.6035, 0.0000, 1.1814, 0.0000, 0.7277, 0.0000, 0.6859, 0.0000, 0.5853, 0.0000,0.12240620652596378,9.675914818544745,-0.04758092236919948,0.0
1.8500000000000014,25.7339, 0.0000, -5.4466, 9.4933, 0.0000, 1.1354, 0.0000, 0.7296, 0.0000, 0.6838, 0.0000, 0.5588, 0.0000,0.11903073472131329,9.560976527899747,-0.05085877371235439,0.0
1.8600000000000014,25.7387, 0.0000, -5.5415, 9.3831, 0.0000, 1.0899, 0.0000, 0.7315, 0.0000, 0.6819, 0.0000, 0.5327, 0.0000,0.11563478418287959,9.446233740808863,-0.05396518838806697,0.0
1.8700000000000014,25.7425, 0.0000, -5.6354, 9.2730, 0.0000, 1.0450, 0.0000, 0.7333, 0.0000, 0.6799, 0.0000, 0.5070, 0.0000,0.11221951155496793,9.331674008052559,-0.05688310933514186,0.0
1.8800000000000014,25.7455, 0.0000, -5.7281, 9.1628, 0.0000, 1.0007, 0.0000, 0.7349, 0.0000, 0.6781, 0.0000, 0.4819, 0.0000,0.10878693276838625,9.217284693839423,-0.059597216967778886,0.0
1.8900000000000015,25.7478, 0.0000, -5.8196, 9.0526, 0.0000, 0.9571, 0.0000, 0.7365, 0.0000, 0.6764, 0.0000, 0.4575, 0.0000,0.10533984047323042,9.103052978029682,-0.06209647339983532,0.0
1.9000000000000015,25.7493, 0.0000, -5.9101, 8.9424, 0.0000, 0.9142, 0.0000, 0.7380, 0.0000, 0.6748, 0.0000, 0.4338, 0.0000,0.1018816892065487,8.988965874820003,-0.0643765394131715,0.0
1.9100000000000015,25.7500, 0.0000, -5.9994, 8.8321, 0.0000, 0.8720, 0.0000, 0.7395, 0.0000, 0.6732, 0.0000, 0.4110, 0.0000,0.09841644826628161,8.875010266147587,-0.0664409357051427,0.0
1.9200000000000015,25.7501, 0.0000, -6.0876, 8.7217, 0.0000, 0.8306, 0.0000, 0.7408, 0.0000, 0.6717, 0.0000, 0.3890, 0.0000,0.09494843146377437,8.761172947323928,-0.06830027607484408,0.0
1.9300000000000015,25.7496, 0.0000, -6.1746, 8.6113, 0.0000, 0.7900, 0.0000, 0.7421, 0.0000, 0.6703, 0.0000, 0.3681, 0.0000,0.09148212025468538,8.647440681565353,-0.0699699547628934,0.0
1.9400000000000015,25.7484, 0.0000, -6.2605, 8.5008, 0.0000, 0.7502, 0.0000, 0.7433, 0.0000, 0.6690, 0.0000, 0.3481, 0.0000,0.08802199787998484,8.533800259554702,-0.07146741745276995,0.0
1.9500000000000015,25.7467, 0.0000, -6.3453, 8.3901, 0.0000, 0.7113, 0.0000, 0.7444, 0.0000, 0.6677, 0.0000, 0.3291, 0.0000,0.0845724072792971,8.420238560199477,-0.07280999657912798,0.0
1.9600000000000015,25.7444, 0.0000, -6.4289, 8.2794, 0.0000, 0.6732, 0.0000, 0.7455, 0.0000, 0.6665, 0.0000, 0.3110, 0.0000,0.08113743831159516,8.306742609298777,-0.07401368906004972,0.0
1.9700000000000015,25.7416, 0.0000, -6.5113, 8.1686, 0.0000, 0.6361, 0.0000, 0.7465, 0.0000, 0.6654, 0.0000, 0.2940, 0.0000,0.07772084377376999,8.193299633657338,-0.07509272990031786,0.0
1.9800000000000015,25.7383, 0.0000, -6.5926, 8.0576, 0.0000, 0.6000, 0.0000, 0.7474, 0.0000, 0.6643, 0.0000, 0.2779, 0.0000,0.07432598030109652,8.079897109044058,-0.07605964486702033,0.0
1.9900000000000015,25.7346, 0.0000, -6.6728, 7.9465, 0.0000, 0.5648, 0.0000, 0.7483, 0.0000, 0.6633, 0.0000, 0.2627, 0.0000,0.07095576911094585,7.966522801133935,-0.0769255125264699,0.0
2.0000000000000013,25.7305, 0.0000, -6.7518, 7.8352, 0.0000, 0.5306, 0.0000, 0.7492, 0.0000, 0.6624, 0.0000, 0.2484, 0.0000,0.06761267178269227,7.853164799143369,-0.07770026971800871,0.0
2.010000000000001,25.7260, 0.0000, -6.8296, 7.7238, 0.0000, 0.4973, 0.0000, 0.7500, 0.0000, 0.6615, 0.0000, 0.2350, 0.0000,0.06429867707769106,7.739811542274875,-0.07839297567709036,0.0
2.020000000000001,25.7211, 0.0000, -6.9063, 7.6123, 0.0000, 0.4650, 0.0000, 0.7507, 0.0000, 0.6606, 0.0000, 0.2225, 0.0000,0.06101529570538416,7.626451839357616,-0.07901201670272893,0.0
2.0300000000000007,25.7158, 0.0000, -6.9818, 7.5005, 0.0000, 0.4337, 0.0000, 0.7514, 0.0000, 0.6598, 0.0000, 0.2107, 0.0000,0.057763560706657335,7.513074882239834,-0.0795652556906516,0.0
2.0400000000000005,25.7103, 0.0000, -7.0561, 7.3887, 0.0000, 0.4034, 0.0000, 0.7521, 0.0000, 0.6590, 0.0000, 0.1997, 0.0000,0.05454403203620821,7.399670253582911,-0.08006012943788118,0.0
2.0500000000000003,25.7044, 0.0000, -7.1293, 7.2766, 0.0000, 0.3740, 0.0000, 0.7528, 0.0000, 0.6583, 0.0000, 0.1894, 0.0000,0.05135680387443645,7.286227929752769,-0.08050372061534472,0.0
2.06,25.6983, 0.0000, -7.2014, 7.1644, 0.0000, 0.3456, 0.0000, 0.7534, 0.0000, 0.6576, 0.0000, 0.1798, 0.0000,0.04820151307299382,7.172738279532247,-0.08090280209882804,0.0
2.07,25.6919, 0.0000, -7.2722, 7.0520, 0.0000, 0.3181, 0.0000, 0.7539, 0.0000, 0.6569, 0.0000, 0.1709, 0.0000,0.045077348116510194,7.059192059356408,-0.08126387541397162,0.0
2.0799999999999996,25.6853, 0.0000, -7.3420, 6.9395, 0.0000, 0.2915, 0.0000, 0.7545, 0.0000, 0.6563, 0.0000, 0.1626, 0.0000,0.041983058220668217,6.945580405735181,-0.08159319957001754,0.0
2.0899999999999994,25.6785, 0.0000, -7.4105, 6.8267, 0.0000, 0.2658, 0.0000, 0.7550, 0.0000, 0.6557, 0.0000, 0.1548, 0.0000,0.03891696198549097,6.831894825492426,-0.08189681564672538,0.0
2.099999999999999,25.6715, 0.0000, -7.4779, 6.7138, 0.0000, 0.2410, 0.0000, 0.7555, 0.0000, 0.6551, 0.0000, 0.1476, 0.0000,0.03587695508834985,6.71812718440681,-0.08218057272239276,0.0
2.109999999999999,25.6643, 0.0000, -7.5441, 6.6007, 0.0000, 0.2170, 0.0000, 0.7560, 0.0000, 0.6546, 0.0000, 0.1408, 0.0000,0.032860516550009135,6.604269694793221,-0.08245015104516097,0.0
2.1199999999999988,25.6569, 0.0000, -7.6092, 6.4874, 0.0000, 0.1938, 0.0000, 0.7564, 0.0000, 0.6541, 0.0000, 0.1346, 0.0000,0.02986471314001009,6.49031490251641,-0.08271108885510513,0.0
2.1299999999999986,25.6494, 0.0000, -7.6731, 6.3740, 0.0000, 0.1714, 0.0000, 0.7569, 0.0000, 0.6536, 0.0000, 0.1287, 0.0000,0.02688620151265897,6.376255673883127,-0.08296880391641208,0.0
2.1399999999999983,25.6417, 0.0000, -7.7358, 6.2603, 0.0000, 0.1498, 0.0000, 0.7573, 0.0000, 0.6531, 0.0000, 0.1233, 0.0000,0.02392122767469173,6.262085182816835,-0.08322862115903445,0.0
2.149999999999998,25.6339, 0.0000, -7.7973, 6.1464, 0.0000, 0.1289, 0.0000, 0.7577, 0.0000, 0.6526, 0.0000, 0.1182, 0.0000,0.020965623373365716,6.147796898681469,-0.08349580292804785,0.0
2.159999999999998,25.6261, 0.0000, -7.8577, 6.0324, 0.0000, 0.1087, 0.0000, 0.7580, 0.0000, 0.6522, 0.0000, 0.1135, 0.0000,0.01801479898895575,6.033384575088459,-0.08377557282550879,0.0
2.1699999999999977,25.6181, 0.0000, -7.9170, 5.9182, 0.0000, 0.0892, 0.0000, 0.7584, 0.0000, 0.6518, 0.0000, 0.1090, 0.0000,0.015063732486560576,5.918842239995277,-0.08407315028114863,0.0
2.1799999999999975,25.6100, 0.0000, -7.9750, 5.8037, 0.0000, 0.0703, 0.0000, 0.7588, 0.0000, 0.6514, 0.0000, 0.1049, 0.0000,0.012106953935810738,5.8041641873849334,-0.08439378214283534,0.0
2.1899999999999973,25.6019, 0.0000, -8.0319, 5.6891, 0.0000, 0.0520, 0.0000, 0.7591, 0.0000, 0.6510, 0.0000, 0.1010, 0.0000,0.009138525051328322,5.68934497080466,-0.08474278261168548,0.0
2.199999999999997,25.5937, 0.0000, -8.0876, 5.5743, 0.0000, 0.0343, 0.0000, 0.7594, 0.0000, 0.6506, 0.0000, 0.0973, 0.0000,0.006152013132649202,5.574379399039106,-0.08512557168706009,0.0
2.209999999999997,25.5855, 0.0000, -8.1422, 5.4592, 0.0000, 0.0171, 0.0000, 0.7597, 0.0000, 0.6502, 0.0000, 0.0939, 0.0000,0.003140458693201466,5.459262534199807,-0.08554771890147278,0.0
2.2199999999999966,25.5772, 0.0000, -8.1956, 5.3440, 0.0000, 0.0005, 0.0000, 0.7600, 0.0000, 0.6499, 0.0000, 0.0906, 0.0000,9.633593815670168e-05,5.3439896925291555,-0.0860150026272113,0.0
2.2299999999999964,25.5689, 0.0000, -8.2478, 5.2285, 0.0000, -0.0156, 0.0000, 0.7603, 0.0000, 0.6496, 0.0000, 0.0875, 0.0000,-0.002988494887787685,5.2285564482450555,-0.08653346044226239,0.0
2.239999999999996,25.5606, 0.0000, -8.2988, 5.1129, 0.0000, -0.0313, 0.0000, 0.7606, 0.0000, 0.6492, 0.0000, 0.0845, 0.0000,-0.0061228444344137885,5.112958640793148,-0.08710945663257191,0.0
2.249999999999996,25.5522, 0.0000, -8.3487, 4.9970, 0.0000, -0.0466, 0.0000, 0.7609, 0.0000, 0.6489, 0.0000, 0.0817, 0.0000,-0.009316261840352023,4.997192385929525,-0.08774975490971158,0.0
2.259999999999996,25.5439, 0.0000, -8.3973, 4.8809, 0.0000, -0.0614, 0.0000, 0.7611, 0.0000, 0.6486, 0.0000, 0.0790, 0.0000,-0.012579114625786317,4.881254091130351,-0.08846159314020227,0.0
2.2699999999999956,25.5355, 0.0000, -8.4448, 4.7645, 0.0000, -0.0759, 0.0000, 0.7614, 0.0000, 0.6483, 0.0000, 0.0764, 0.0000,-0.015922682855690526,4.7651404759197895,-0.08925277804239343,0.0
2.2799999999999954,25.5272, 0.0000, -8.4912, 4.6480, 0.0000, -0.0900, 0.0000, 0.7616, 0.0000, 0.6480, 0.0000, 0.0739, 0.0000,-0.019359269949909223,4.648848597828318,-0.0901317751149709,0.0
2.289999999999995,25.5189, 0.0000, -8.5363, 4.5312, 0.0000, -0.1038, 0.0000, 0.7619, 0.0000, 0.6477, 0.0000, 0.0715, 0.0000,-0.022902333018146315,4.532375884846209,-0.09110782099171232,0.0
2.299999999999995,25.5106, 0.0000, -8.5803, 4.4142, 0.0000, -0.1173, 0.0000, 0.7621, 0.0000, 0.6475, 0.0000, 0.0691, 0.0000,-0.026566636232159345,4.415720175429381,-0.09219104443891595,0.0
2.3099999999999947,25.5023, 0.0000, -8.6231, 4.2969, 0.0000, -0.1305, 0.0000, 0.7623, 0.0000, 0.6472, 0.0000, 0.0667, 0.0000,-0.03036843153255889,4.298879767357397,-0.09339260828896115,0.0
2.3199999999999945,25.4941, 0.0000, -8.6647, 4.1794, 0.0000, -0.1435, 0.0000, 0.7625, 0.0000, 0.6470, 0.0000, 0.0644, 0.0000,-0.03432567196304937,4.181853477049827,-0.09472488013310978,0.0
2.3299999999999943,25.4859, 0.0000, -8.7051, 4.0616, 0.0000, -0.1563, 0.0000, 0.7627, 0.0000, 0.6467, 0.0000, 0.0622, 0.0000,-0.03845826417773653,4.064640711335521,-0.09620163497729847,0.0
2.339999999999994,25.4777, 0.0000, -8.7443, 3.9436, 0.0000, -0.1688, 0.0000, 0.7629, 0.0000, 0.6465, 0.0000, 0.0600, 0.0000,-0.042788368269013284,3.947241554163963,-0.09783832934899876,0.0
2.349999999999994,25.4696, 0.0000, -8.7823, 3.8254, 0.0000, -0.1812, 0.0000, 0.7631, 0.0000, 0.6463, 0.0000, 0.0577, 0.0000,-0.04734075508598513,3.829656871381113,-0.09965240803762028,0.0
2.3599999999999937,25.4615, 0.0000, -8.8191, 3.7068, 0.0000, -0.1935, 0.0000, 0.7633, 0.0000, 0.6461, 0.0000, 0.0555, 0.0000,-0.052143233804520746,3.7118884375082217,-0.10166370612783977,0.0
2.3699999999999934,25.4535, 0.0000, -8.8548, 3.5881, 0.0000, -0.2056, 0.0000, 0.7635, 0.0000, 0.6458, 0.0000, 0.0533, 0.0000,-0.057227165830605935,3.593939089520953,-0.10389485416217395,0.0
2.3799999999999932,25.4456, 0.0000, -8.8892, 3.4690, 0.0000, -0.2175, 0.0000, 0.7636, 0.0000, 0.6457, 0.0000, 0.0511, 0.0000,-0.06262808537479678,3.4758129140102643,-0.10637162846727916,0.0
2.389999999999993,25.4377, 0.0000, -8.9225, 3.3497, 0.0000, -0.2294, 0.0000, 0.7638, 0.0000, 0.6455, 0.0000, 0.0489, 0.0000,-0.06838645258464617,3.3575154759300907,-0.10912308586044855,0.0
2.399999999999993,25.4299, 0.0000, -8.9545, 3.2301, 0.0000, -0.2412, 0.0000, 0.7639, 0.0000, 0.6453, 0.0000, 0.0467, 0.0000,-0.07454857241289073,3.2390540995591564,-0.11218122941656657,0.0
2.4099999999999926,25.4222, 0.0000, -8.9854, 3.1102, 0.0000, -0.2530, 0.0000, 0.7641, 0.0000, 0.6451, 0.0000, 0.0445, 0.0000,-0.08116772212483273,3.1204382155492065,-0.11557989639444895,0.0
2.4199999999999924,25.4145, 0.0000, -9.0150, 2.9900, 0.0000, -0.2647, 0.0000, 0.7642, 0.0000, 0.6449, 0.0000, 0.0423, 0.0000,-0.08830554355070296,3.0016797923181393,-0.11935265583200998,0.0
2.429999999999992,25.4069, 0.0000, -9.0434, 2.8695, 0.0000, -0.2764, 0.0000, 0.7644, 0.0000, 0.6448, 0.0000, 0.0401, 0.0000,-0.09603377434450594,2.882793876031246,-0.12352969092531747,0.0
2.439999999999992,25.3994, 0.0000, -9.0706, 2.7487, 0.0000, -0.2881, 0.0000, 0.7645, 0.0000, 0.6446, 0.0000, 0.0378, 0.0000,-0.1044364176848675,2.7637992716624704,-0.12813409042759485,0.0
2.4499999999999917,25.3919, 0.0000, -9.0966, 2.6277, 0.0000, -0.2998, 0.0000, 0.7646, 0.0000, 0.6445, 0.0000, 0.0356, 0.0000,-0.11361248490275515,2.6447194091210156,-0.13317847145004816,0.0
2.4599999999999915,25.3846, 0.0000, -9.1214, 2.5063, 0.0000, -0.3116, 0.0000, 0.7647, 0.0000, 0.6444, 0.0000, 0.0334, 0.0000,-0.1236794943080922,2.5255834546318288,-0.1386628503839547,0.0
2.4699999999999913,25.3773, 0.0000, -9.1450, 2.3846, 0.0000, -0.3234, 0.0000, 0.7648, 0.0000, 0.6442, 0.0000, 0.0312, 0.0000,-0.13477797764847166,2.4064277506898324,-0.14457451653881614,0.0
2.479999999999991,25.3701, 0.0000, -9.1673, 2.2626, 0.0000, -0.3352, 0.0000, 0.7649, 0.0000, 0.6441, 0.0000, 0.0290, 0.0000,-0.14707734182897866,2.287297701372952,-0.15088973892136162,0.0
2.489999999999991,25.3630, 0.0000, -9.1884, 2.1403, 0.0000, -0.3471, 0.0000, 0.7650, 0.0000, 0.6440, 0.0000, 0.0269, 0.0000,-0.1607835717678704,2.168250268914721,-0.15757665884895866,0.0
